CHR	POS	MarkerName	EA	NEA	OR.ALL	Pvalue.ALL	N.ALL	OR.EAS	Pvalue.EAS	EAF.EAS	N.EAS	OR.EUR	Pvalue.EUR	EAF.EUR	N.EUR	OR.AFR	Pvalue.AFR	EAF.AFR	N.AFR	OR.AMR	Pvalue.AMR	EAF.AMR	N.AMR	HetPVal
1	9109660	1:9109660	C	T	1.12 [1.09: 1.16]	0.000000000002504	1121700	1.14 [1.06: 1.23]	0.0009124	0.4934	258765	1.11 [1.07: 1.15]	0.000000005317	0.3263	839624	1.4 [1.02: 1.91]	0.03684	0.2872	8537	1.15 [0.94: 1.41]	0.1647	0.3103	14771	0.51
1	150579566	1:150579566	G	A	1.18 [1.13: 1.24]	0.000000000006722	1121780	1.02 [0.8: 1.3]	0.8864	0.974	258844	1.2 [1.14: 1.26]	0.0000000000004558	0.8564	839624	1.11 [0.44: 2.75]	0.8284	0.9751	8537	0.82 [0.59: 1.13]	0.2302	0.91218	14771	0.079
1	155199564	1:155199564	T	G	1.11 [1.07: 1.14]	0.000000001163	943649	1.03 [0.83: 1.29]	0.7663	0.7869	80717	1.12 [1.08: 1.16]	0.0000000001152	0.5095	839624	0.65 [0.47: 0.9]	0.01053	0.252	8537	1.03 [0.86: 1.25]	0.7198	0.5047	14771	0.01033
1	163372193	1:163372193	T	G	1.12 [1.08: 1.17]	0.00000002837	1121720	1.27 [0.99: 1.64]	0.06201	0.0258	258788	1.12 [1.08: 1.17]	0.000000111	0.1961	839624	0.89 [0.51: 1.57]	0.6904	0.06835	8537	1.11 [0.86: 1.43]	0.4393	0.1428	14771	0.6605
1	214484297	1:214484297	G	A	1.11 [1.07: 1.16]	0.00000002512	1121690	1.08 [0.98: 1.19]	0.1169	0.784	258757	1.12 [1.08: 1.17]	0.00000009608	0.7934	839624	0.92 [0.49: 1.75]	0.8049	0.9446	8537	1.13 [0.88: 1.45]	0.3217	0.8461	14771	0.8254
2	64652534	2:64652534	C	T	1.09 [1.06: 1.12]	0.00000004722	1121710	1.11 [1.02: 1.2]	0.01407	0.4436	258774	1.09 [1.05: 1.13]	0.000001375	0.4869	839624	1.04 [0.77: 1.39]	0.8134	0.3931	8537	1.08 [0.9: 1.3]	0.4032	0.4505	14771	0.9653
3	44804157	3:44804157	C	T	1.36 [1.27: 1.47]	0.000000000000000193	1121770	1.34 [1.11: 1.63]	0.002307	0.0415	258841	1.36 [1.25: 1.47]	0.0000000000002172	0.0421	839624	1.94 [0.58: 6.49]	0.2845	0.01376	8537	1.48 [1: 2.19]	0.04765	0.05165	14771	0.9133
3	169774313	3:169774313	T	C	1.23 [1.19: 1.27]	0.000000000000000000000000000000004556	1121730	1.14 [1.05: 1.24]	0.001128	0.6194	258795	1.25 [1.21: 1.3]	0.0000000000000000000000000000000455	0.2584	839624	0.79 [0.44: 1.41]	0.4168	0.06414	8537	1.1 [0.91: 1.34]	0.3317	0.3052	14771	0.05416
4	88963935	4:88963935	G	T	1.17 [1.14: 1.21]	0.0000000000000000000000007014	1121660	1.2 [1.1: 1.29]	0.000009749	0.4287	258725	1.17 [1.13: 1.21]	0.0000000000000000001086	0.4931	839624	1.02 [0.77: 1.34]	0.9002	0.4605	8537	1.26 [1.05: 1.51]	0.01529	0.5026	14771	0.6138
5	1282299	5:1282299	G	A	1.3 [1.26: 1.34]	0.0000000000000000000000000000000000000000000000000000002929	1121720	1.35 [1.24: 1.47]	0.000000000005708	0.633	258792	1.31 [1.26: 1.36]	0.000000000000000000000000000000000000000000000002738	0.6583	839624	0.93 [0.7: 1.22]	0.5894	0.5694	8537	0.95 [0.78: 1.16]	0.6398	0.6532	14771	0.001148
5	169588475	5:169588475	A	G	2.06 [1.82: 2.34]	0.00000000000000000000000000006818	815035	NA	NA	NA	NA	2.06 [1.82: 2.34]	0.00000000000000000000000000006818	0.0255	815035	NA	NA	NA	NA	NA	NA	NA	NA	1
6	7562999	6:7562999	G	T	1.3 [1.26: 1.34]	0.0000000000000000000000000000000000000000000000000000000000000001761	1121620	1.23 [1.14: 1.33]	0.0000001215	0.488	258691	1.32 [1.28: 1.37]	0.00000000000000000000000000000000000000000000000000000000005596	0.4375	839624	1.09 [0.83: 1.45]	0.5311	0.5197	8537	1.16 [0.97: 1.4]	0.1116	0.4373	14771	0.1286
6	27698141	6:27698141	T	C	1.08 [1.05: 1.12]	0.000001004	1121640	0.99 [0.91: 1.07]	0.7823	0.4617	258703	1.11 [1.07: 1.15]	0.00000001039	0.3436	839624	1.02 [0.74: 1.39]	0.9114	0.7109	8537	0.93 [0.77: 1.13]	0.4879	0.4192	14771	0.02423
6	32436600	6:32436600	A	C	1.13 [1.08: 1.18]	0.00000003393	1119180	1.21 [1.1: 1.34]	0.00007907	0.1836	258782	1.12 [1.06: 1.18]	0.00001122	0.1463	837086	0.72 [0.35: 1.47]	0.3697	0.0389	8537	0.89 [0.63: 1.26]	0.5207	0.0713	14771	0.1316
6	43385242	6:43385242	G	A	1.1 [1.06: 1.13]	0.00000004095	1121720	1.06 [0.97: 1.15]	0.1844	0.6713	258793	1.11 [1.07: 1.15]	0.00000003397	0.684	839624	1.19 [0.88: 1.61]	0.2697	0.3178	8537	0.95 [0.79: 1.15]	0.6017	0.5501	14771	0.3061
6	122431405	6:122431405	TTA	T	1.11 [1.07: 1.15]	0.0000001666	1071290	1.04 [0.96: 1.13]	0.354	0.5022	256251	1.13 [1.08: 1.18]	0.00000004754	0.5544	815035	NA	NA	NA	NA	NA	NA	NA	NA	0.06985
7	1936821	7:1936821	C	T	1.15 [1.12: 1.19]	0.000000000000000004639	1121730	1.1 [1.01: 1.19]	0.02214	0.5644	258800	1.16 [1.12: 1.21]	0.00000000000000005894	0.6334	839624	1.28 [0.77: 2.14]	0.3459	0.91545	8537	1.11 [0.92: 1.33]	0.2901	0.623	14771	0.527
7	100032719	7:100032719	T	C	1.18 [1.14: 1.22]	0.000000000000000000000000385	1121570	1.1 [1.02: 1.19]	0.01597	0.4377	258634	1.2 [1.16: 1.24]	0.0000000000000000000000003156	0.3787	839624	1.12 [0.74: 1.7]	0.5892	0.1355	8537	1.02 [0.84: 1.22]	0.8712	0.3855	14771	0.08897
8	119931204	8:119931204	T	C	1.14 [1.1: 1.18]	0.00000000002455	746492	1.04 [0.89: 1.22]	0.5856	0.9331	258642	1.16 [1.11: 1.2]	0.000000000004137	0.5709	464542	1.08 [0.8: 1.46]	0.6061	0.31	8537	0.98 [0.81: 1.19]	0.8474	0.6158	14771	0.252
9	106717987	9:106717987	C	T	1.13 [1.09: 1.17]	0.00000000000003635	1121640	1.16 [1.07: 1.25]	0.000276	0.5639	258712	1.12 [1.09: 1.17]	0.00000000006696	0.3587	839624	1.39 [1.02: 1.9]	0.03692	0.2827	8537	1.03 [0.85: 1.26]	0.7408	0.3054	14771	0.4011
10	941334	10:941334	A	G	1.11 [1.06: 1.16]	0.000003092	1121810	0.73 [0.51: 1.03]	0.07149	0.0111	258882	1.13 [1.08: 1.18]	0.00000004347	0.1769	839624	0.69 [0.52: 0.92]	0.01086	0.3751	8537	0.97 [0.74: 1.27]	0.8193	0.1579	14771	0.000436
10	103920828	10:103920828	T	C	1.47 [1.32: 1.64]	0.000000000003535	648578	1.39 [1.2: 1.62]	0.0000171	0.9269	258725	1.6 [1.35: 1.89]	0.00000003587	0.9541	375082	NA	NA	NA	NA	1.31 [0.83: 2.07]	0.2542	0.96783	14771	0.4102
11	1219991	11:1219991	T	G	3.16 [3.02: 3.3]	0	865066	5.09 [1.6: 16.2]	0.005875	0.0068	3217	3.19 [3.05: 3.33]	0	0.1197	838541	1.15 [0.42: 3.14]	0.7922	0.01681	8537	1.92 [1.31: 2.81]	0.0008065	0.06408	14771	0.01038
12	101892202	12:101892202	A	G	1.09 [1.06: 1.13]	0.00000003613	1121570	1.07 [0.98: 1.16]	0.1223	0.3115	258641	1.11 [1.07: 1.15]	0.000000004945	0.5793	839624	0.88 [0.67: 1.17]	0.3821	0.4837	8537	0.86 [0.72: 1.04]	0.1231	0.5816	14771	0.02449
13	82382479	13:82382479	T	C	8.28 [3.96: 17.31]	0.00000001991	256535	8.28 [3.96: 17.31]	0.00000001991	0.0036	256535	NA	NA	NA	NA	NA	NA	NA	NA	NA	NA	NA	NA	1
13	112880670	13:112880670	C	G	1.16 [1.12: 1.21]	0.00000000000000833	1121750	1 [0.91: 1.11]	0.9747	0.8014	258819	1.2 [1.15: 1.25]	0.00000000000000002048	0.7871	839624	1.05 [0.63: 1.74]	0.8652	0.92267	8537	1.02 [0.8: 1.3]	0.8731	0.8353	14771	0.007742
15	40426335	15:40426335	C	T	1.18 [1.14: 1.22]	0.00000000000000000000001004	1121620	1.14 [1.02: 1.26]	0.01647	0.828	258693	1.19 [1.15: 1.23]	0.00000000000000000000004821	0.552	839624	1 [0.72: 1.39]	0.9883	0.2409	8537	1.05 [0.87: 1.27]	0.5782	0.5313	14771	0.3989
15	85742593	15:85742593	C	A	1.12 [1.08: 1.16]	0.00000000004664	1121740	0.99 [0.89: 1.1]	0.8713	0.1737	258805	1.14 [1.1: 1.18]	0.000000000003957	0.3018	839624	1.27 [0.91: 1.77]	0.1642	0.2189	8537	1.05 [0.86: 1.28]	0.6334	0.2796	14771	0.07124
16	112241	16:112241	A	G	1.36 [1.26: 1.47]	0.00000000000000138	839624	NA	NA	NA	NA	1.36 [1.26: 1.47]	0.00000000000000138	0.0511	839624	NA	NA	NA	NA	NA	NA	NA	NA	1
16	67960834	16:67960834	T	C	4.05 [2.73: 6.03]	0.000000000004706	256545	4.05 [2.73: 6.03]	0.000000000004706	0.0121	256545	NA	NA	NA	NA	NA	NA	NA	NA	NA	NA	NA	NA	1
17	43370681	17:43370681	G	A	1.16 [1.1: 1.22]	0.00000002745	943565	1.24 [1.02: 1.51]	0.03122	0.2706	80633	1.16 [1.1: 1.23]	0.0000002073	0.1037	839624	1.19 [0.79: 1.78]	0.4069	0.1416	8537	1.02 [0.79: 1.32]	0.8906	0.1368	14771	0.6981
17	46253848	17:46253848	T	C	1.34 [1.28: 1.41]	0.000000000000000000000000000007422	837086	NA	NA	NA	NA	1.34 [1.28: 1.41]	0.000000000000000000000000000007422	0.8176	837086	NA	NA	NA	NA	NA	NA	NA	NA	1
17	76029575	17:76029575	T	G	1.13 [1.09: 1.17]	0.0000000001491	943722	2.12 [1.13: 3.97]	0.0188	0.0289	80790	1.13 [1.08: 1.17]	0.0000000009711	0.2805	839624	1.38 [0.89: 2.14]	0.1473	0.1122	8537	1.11 [0.88: 1.39]	0.3725	0.2158	14771	0.1905
18	666625	18:666625	T	C	1.15 [1.1: 1.2]	0.00000000216	1119500	1.22 [0.35: 4.29]	0.754	0.0018	256563	1.15 [1.1: 1.2]	0.000000004192	0.157	839624	1.27 [0.81: 1.99]	0.2981	0.1155	8537	1.1 [0.8: 1.52]	0.5446	0.09455	14771	0.968
19	4717660	19:4717660	G	A	1.14 [1.1: 1.18]	0.00000000000004377	1120660	1.11 [0.99: 1.25]	0.08108	0.1322	258816	1.16 [1.11: 1.2]	0.00000000000001124	0.3175	838541	1.25 [0.84: 1.86]	0.2664	0.1611	8537	0.8 [0.64: 1]	0.05072	0.2303	14771	0.01303
19	5847989	19:5847989	T	C	1.14 [1.09: 1.18]	0.0000000001176	1119180	1.25 [1.08: 1.44]	0.002638	0.0987	258791	1.13 [1.08: 1.17]	0.00000001441	0.2384	837086	0.85 [0.56: 1.29]	0.4495	0.1347	8537	1.31 [1.03: 1.66]	0.03064	0.1953	14771	0.1782
20	63585923	20:63585923	T	G	1.36 [1.25: 1.49]	0.0000000000006732	862932	NA	NA	NA	NA	1.38 [1.27: 1.51]	0.0000000000002083	0.0466	839624	0.65 [0.38: 1.11]	0.1165	0.07948	8537	1.8 [0.96: 3.35]	0.06554	0.02667	14771	0.01691
